0,1,2,3,4,5,6,7,8,9,cluster
0.18507850852787608,0.31359670502636816,-0.025527227415496845,0.1433031921857902,0.26374864751454663,2,1,0,1,2,1
-0.05486799889672704,0.2548908586775768,-0.16792328111541882,0.37541571104936483,-0.27218645762206456,2,2,2,0,0,0
-0.02648914508100341,0.0763791541135573,-0.5188608409621969,0.09271471123744598,-0.09016817680012995,0,1,1,2,1,2
-0.1680457513834762,0.004066231265150239,-0.2822484226228841,0.12418271754430701,-0.5075380735169299,2,1,2,1,0,0
-0.008244176308865599,0.07865348449747325,-0.38175791700794187,-0.16323168656793696,-0.30045360413913613,0,1,2,1,1,2
-0.015465796206241417,0.19730568228854897,-0.2479176471396973,0.388174153791646,-0.38791408776541536,2,1,2,1,1,-1
-0.02120589914595178,0.12494515630960906,-0.2995722140434991,0.21257746567658486,-0.38453040328179966,1,2,2,1,0,0
0.5189504825490365,0.4146288065322166,-0.1302992896556307,0.020611287687492735,0.32668844145564413,1,1,0,1,2,1
-0.08439196629647067,0.13988005914157353,-0.1057059269830192,0.3158740779693273,-0.16907841045524188,1,1,2,1,0,0
0.01049554679284899,0.13968123467803029,-0.15933410948003773,0.15394906812944736,-0.4811562819805122,2,2,2,1,0,0
0.11904502019759217,0.1666696279881635,-0.15211004985015797,0.23645286134283947,-0.3589231598484434,2,2,2,1,0,0
0.09615734879713565,0.11480460165738972,-0.45209186515609434,-0.26518017951003836,-0.19560664251047089,0,2,1,2,1,2
-0.0612661039649236,0.06255265116392204,-0.26680281252392896,0.29914011948903074,-0.45739428183191133,2,2,2,1,1,0
-0.2042079537359707,0.2024133416204602,-0.34018282821234497,0.2021722645732405,-0.31012535920253925,2,2,2,1,1,0
-0.1438666699663752,0.07542052082679987,-0.30989627939164466,-0.06295650867108321,-0.49921851135064577,0,1,2,2,1,2
0.02648311983539839,0.1585239295898154,-0.22406119685184317,0.08081059561411062,0.20574021165121015,2,1,1,1,2,1
0.08849016433068291,0.39927868209677875,-0.10923749437512462,0.12325971748082447,0.09506976506296783,2,1,1,0,2,1
-0.24485237424282186,0.08383932144073296,-0.37619086361157295,0.25295012826527175,-0.4131467556312337,1,2,2,0,0,0
-0.1309171348648155,0.195914450491786,-0.40004734825665994,0.3995483913646567,-0.5320707799393551,1,1,2,1,0,0
0.17325027722879238,0.5645191056049775,-0.037983673044446775,0.1860191832687488,0.33113697247685403,2,0,0,1,2,2
0.19346846255682187,0.4705473179552162,-0.19599159540218197,0.15026606401193746,0.31125566641297786,2,0,0,1,2,2
-0.02114878596517144,0.0075742444355735294,-0.5152917004279763,-0.022872635426248705,-0.3152757224362016,0,1,2,1,1,2
-0.05563018135044242,0.15847649776671296,-0.2493600503147936,0.43421590850734026,-0.5687145238213066,1,2,2,1,0,0
0.011474807814952415,0.22732943535929706,-0.18923285331365314,0.295507376931626,0.2059921640407763,2,1,1,1,2,1
0.04296963482732741,0.2711076930278722,-0.26362369849235023,0.335418886964088,-0.4348967313219315,1,2,2,1,0,0
-0.23303734590500433,0.07344210857153925,-0.37383898181030206,0.3133700305222886,-0.3718563224430897,1,2,2,1,0,0
-0.13544326274171944,0.13630489033679952,-0.46799195994170867,-0.24240388144429328,-0.34927201852662065,0,1,1,2,1,2
-0.03893669574334867,0.07641754449705225,-0.11356877069598423,0.4128883226240669,-0.3700656270139932,1,2,2,1,0,0
0.011464732955697748,0.16410312581208833,-0.41917450831012115,0.028763820220791214,-0.3240411952107511,0,0,1,2,1,2
0.012978677502905336,0.10612836638251807,-0.2617229579698223,0.4184816462873676,-0.5158585553811238,1,2,2,1,0,0
0.015157125345704014,0.25402723599823473,-0.545680047287808,-0.17333243667547418,-0.29139063729709735,0,1,2,2,1,2
0.35846991753020024,0.3310634387362732,-0.1407822255141044,-0.060337031316074846,0.42532088151139846,2,1,0,2,2,2
0.32963168699699713,0.506702109660663,-0.12036478954646293,0.13185283433561376,0.203320742545551,2,1,1,2,1,1
0.03975556334649222,0.004863477059947968,-0.23356222612545616,-0.01611591599448528,-0.27711569682822523,0,1,1,2,1,2
-0.03255509373834267,0.27678678632997356,-0.3207519979662799,-0.22437009399114266,-0.4766521013041427,0,1,1,2,1,2
0.16198647689679957,0.3657596959090069,0.023909705076014864,0.219441859841034,0.2213237472730008,2,0,0,0,2,2
0.36659983843169924,0.37837685617705413,-0.335250050223324,0.10557599604113695,0.29468578237077864,2,1,0,1,2,1
-0.20506770035740068,0.22214641654580053,-0.13786410635686347,0.3458707298663781,-0.2847087099303737,2,2,2,0,0,0
0.026134703376449075,0.16279641350259044,-0.2511820543168385,0.4031841246341632,-0.3235653129516191,1,2,2,1,0,0
-0.06409090390653328,0.12911286139460812,-0.3139465677341865,-0.19918624826552453,-0.09867564277797009,0,2,1,1,1,-1
0.26174848110721005,0.5170470670262342,-0.28138410748533627,0.1115422631751279,0.24890864904790316,2,1,0,1,2,1
0.04162851792588444,0.10729708044455834,-0.4423427526371436,-0.21768017154444516,-0.3734917464084161,0,1,1,2,1,2
0.10310372375961958,0.1956672209474264,-0.38228776439499157,-0.27428411441054157,-0.2128107828769003,0,1,1,2,1,2
-0.08533201733533373,0.19931415564840943,-0.3557748575034646,-0.06684095699411292,-0.3769913710883184,0,1,1,2,1,2
-0.12319205292038557,0.06980056689131245,-0.3860499120377703,-0.21420697770616698,-0.04313280920958759,0,1,1,1,1,-1
-0.032799218821964064,0.1653087858419061,-0.3237881582599406,0.2975984500734568,-0.5314986023584798,1,2,2,0,0,0
0.05974964921056622,0.3762756597098398,-0.3360101500110667,0.23944166229249675,0.3493480964358787,2,0,1,1,1,1
-0.0067394399828834065,0.11947724329862479,-0.1229369850487558,0.4070148738837953,-0.23818911986712582,1,1,2,0,0,0
-0.1330159049237618,0.15217243649830234,-0.20531455186375386,0.29301868680534787,-0.4738661346153852,2,1,2,1,0,0
0.010894372626009868,0.09006536524124216,-0.06122727551330781,0.34964291162817246,-0.2716778217926913,1,2,2,1,1,0
-0.01727290265038807,0.20838546662547364,-0.23345027417571781,0.354935660483888,-0.36095250522796624,2,2,2,1,0,0
0.14793657408325311,0.35148341478628436,-0.09158833146471332,0.15224988547730745,0.34205748067785324,2,1,1,1,2,1
0.04360665769461966,0.24801935115164414,-0.1911037029373837,0.4143015046370117,-0.4216208595925952,1,2,2,0,0,0
0.3403036164598624,0.38879562010213387,-0.18771864659915025,0.020550478438672276,0.22028700887759295,2,1,1,1,1,-1
-0.06802268275280633,0.24912049473490383,-0.30382512327498,-0.14830864018340784,-0.178802325116515,0,1,1,2,0,2
-0.2710972334432661,0.2243686079565296,-0.24340586447751061,0.07908970161206907,-0.12590545249364243,0,1,2,1,1,2
-0.24505095841097274,0.15739915734436438,-0.17580251616716017,-0.1531986968085912,-0.2530686107960682,0,1,1,1,1,-1
-0.24914158957086435,0.2375814528091146,-0.1865497143070932,0.23238067834394227,-0.3881700588712705,1,2,2,1,0,0
0.05262388813665049,-0.05586260474634336,-0.6610036993685422,-0.3393560260511476,-0.26397330245998574,0,1,1,2,1,2
0.30818191047849475,0.383856291107146,-0.11118765068390823,0.13931471234030135,0.33101434458320517,1,1,1,1,2,-1
-0.014735807390864428,0.06449313778580357,-0.4760056725629222,-0.09042624659882094,-0.13605816739663096,0,1,2,2,1,2
-0.1743482568137392,0.24852764347055084,-0.4031925155506984,-0.18075873441644258,-0.30010863490807455,0,1,1,1,1,-1
0.11323142528941321,0.32425658692915504,-0.283208788099108,0.36415799433165186,-0.3064652669768887,2,2,2,1,1,0
0.24313786455061354,0.3296099162125539,-0.16126529021677471,0.04421923628454333,0.18850272458533962,1,0,1,1,2,2
-0.1693569903450669,0.14878636305394222,-0.5968477041171324,-0.21677643489879575,-0.19696844169140715,1,1,2,2,1,2
0.367678694194044,0.34881775570844253,-0.10014709405107426,0.19267925581375753,0.37998742949567554,2,1,0,1,2,1
-0.06873888315676636,0.0984640811054813,-0.27189909691387104,0.038826857631052175,-0.467945591887614,0,1,1,1,1,-1
-0.020923782766314278,0.26878501899235063,-0.3575008084764237,0.2676645274974401,-0.41339275594628255,1,1,2,0,0,0
-0.158964381490051,0.1577382023860875,-0.44838720370883056,-0.14444600569044588,-0.3089845358549964,0,1,2,1,1,2
0.08155206571528606,0.2775535129430255,-0.2653869472705165,0.11347029274743659,0.4362360711845658,2,1,0,1,2,1
0.03473553016428392,0.26798203634717355,-0.41878042401733884,-0.07734397487120316,-0.3522818480686565,0,1,1,1,1,-1
0.08331128901925904,0.24352562394281846,-0.3393533663838229,-0.30490702619655263,-0.22150701101255507,1,1,1,2,1,-1
-0.08459275096036599,0.21823805266913116,-0.1309134003902262,0.2654022040472599,-0.6646957202530586,1,1,2,2,0,2
-0.057902664371831676,0.20200098178330167,-0.36795315487210145,0.38655717296986214,-0.3643814752568348,1,2,2,1,0,0
-0.13488144020899945,0.055489799119364774,-0.2961085262843599,0.2107558533445194,-0.37899076847411345,1,2,1,0,0,0
-0.12202665974779286,0.26989711744204603,-0.593607030496584,-0.12263388085748801,-0.3057911006242374,0,1,0,2,1,2
-0.18877198552308638,0.19966798967119087,-0.20398727406321968,0.4938764826975849,-0.30325653784878315,1,1,2,1,0,0
-0.2089327296212417,0.3527762378534999,-0.44681197744354695,-0.11012229911266558,-0.3843359999070697,0,0,2,2,2,2
-0.06341013364390348,0.31704176040602416,-0.2825821068415354,0.48124682899275906,-0.4363553050741674,1,1,2,1,0,0
0.07608425536571019,0.2663801604227499,-0.24172789907251063,-0.03722252749086449,-0.3104337606064232,0,1,1,2,1,2
0.26327838802024683,0.2885574556690586,-0.14687412762606689,-0.1174251293687095,0.19395400540574192,2,1,0,0,2,1
0.34682859374359054,0.3050936499909932,-0.13331646773125083,0.010881946265206888,0.3099753618618508,2,1,1,1,2,1
0.08737644523292133,0.17594274214656164,-0.2699197278634179,-0.20178308366104908,-0.22314345902685573,0,1,1,2,1,2
0.06908173744395008,0.31375798399985233,-0.17479762345822952,0.18575238661887175,-0.36546568057373097,2,1,1,1,0,-1
0.0638452962037276,0.1447410315032536,-0.4263975614417749,0.02840799168292585,-0.346434764934902,0,1,1,2,1,2
0.16889443019135664,0.3879565136140734,-0.126024672731119,0.1153580021840951,0.3141275977112461,2,0,1,1,2,2
0.27002556599092997,0.3607518897853127,-0.37413175090435874,0.44297349986093737,0.5748496152592688,2,1,0,1,2,1
0.08092068780842082,0.44558410619600525,-0.056538936108660065,0.11699955350521687,0.45279696315465034,2,1,0,1,2,1
0.25350234914845426,0.3801682373516104,-0.11229241903108439,-0.0011490780405621903,0.30077272421061774,2,1,1,1,1,-1
0.2992794294068794,0.29938861394871535,-0.1005724669148714,0.06448611147124383,0.2931281981399555,2,1,1,1,1,-1
0.30158618840793305,0.36579025729401443,-0.16344605872422704,0.23285201325896882,0.2704069105397738,2,0,0,0,1,1
0.09011543986430887,0.47647049763253935,-0.1812267490113093,0.11188995733047134,0.3289624426867662,2,0,0,1,2,2
-0.17867276654206676,0.116380437634025,-0.16910420253760905,0.33732785550500566,-0.3859229484939308,1,2,2,0,0,0
0.3560394771562506,0.5241210821937039,0.03527208310452418,0.0522883260106516,0.2629913275481804,2,1,0,1,2,1
-0.19984673273904935,0.23457552167434792,-0.4834316237273977,-0.4732190623135262,-0.21763214013008092,0,2,1,2,0,2
-0.14327328855323193,0.17263303168807353,-0.2818936759292549,0.14674394258029896,-0.4116550203542029,1,1,2,1,0,0
-0.0816008037458977,-0.06727060824231407,-0.3484762562682108,-0.190286550196422,-0.43325506623395904,0,1,1,2,1,2
0.1934266688774916,0.3637175114433719,-0.25366492947320857,0.07194121530240041,0.45243277698920403,2,1,0,1,1,1
0.07105605794342258,0.12323829732569716,-0.32182123757685077,-0.2815997873875592,-0.3383350400698247,0,2,1,2,1,2
-0.10184395358790635,0.014710229222554994,-0.4396537156294784,0.23592368245146678,-0.4940124954273356,1,2,2,0,0,0
0.019051031013184797,0.16200906997829,-0.26064326350511685,-0.103070358825602,-0.4458923647437729,1,1,1,1,1,-1
0.27339370149158865,0.19326258054790213,-0.16267156764589502,0.2070798896108104,0.31109213319028506,2,0,0,1,2,2
0.22454948934603838,0.5476712092679805,-0.1692428600833975,0.22322248162620978,0.24434368806192808,2,0,0,1,2,2
-0.11950058965900628,0.2877935826941668,-0.33183507944766183,-0.2301225078358364,-0.17224777216822085,0,1,1,1,1,-1
0.06104417998565739,0.21383404737353107,-0.3504990461286004,0.35048000182487504,-0.3460387049145044,2,2,1,0,0,0
-0.11798663336121132,0.07627756025737095,-0.3743947737909717,-0.1875474325315076,-0.23262627304514272,0,1,1,2,0,2
0.19874964213824575,0.41445532739079594,-0.07868131880241269,0.242496478373732,0.21354711225557124,2,1,1,1,2,1
0.018993218603340106,0.179516252727873,-0.5531540145042131,-0.20267283576603318,-0.2203488520509053,0,1,1,1,1,-1
0.34178730988904726,0.22120115514525635,-0.15563434659258665,0.2267707383543035,0.384887956527147,2,1,0,0,2,1
-0.07225263004314134,0.16872328530549724,-0.1374438793014499,0.4452901727196884,-0.3246648452728032,1,2,2,1,1,0
-0.08069234581129758,-0.0371091547039038,-0.2085662151847291,0.37486099071448997,-0.43049679066079904,1,1,2,0,0,0
0.0511543153494224,0.1306568213846505,-0.05124013533198926,0.3942255668715302,-0.3876616066004468,1,1,2,1,0,0
-0.11099004404778835,0.29843101350294715,-0.3589255257506687,-0.09852546497071463,-0.39163859001704293,0,1,1,1,1,-1
0.10558156217790693,0.16270100217287856,-0.12762161578549144,0.2910048342256079,-0.4987881923419955,2,1,1,1,0,-1
0.3100943749662581,0.437002873695849,-0.17263383527496656,0.028775407325809285,0.2901764748919953,2,1,0,0,2,1
0.29654650326462667,0.29105389840944584,-0.2957393684258262,0.17443643592627633,0.4757336011068781,2,1,0,1,2,1
0.13714193656758744,0.39827296515728466,-0.18072524130164097,0.1372406985806927,0.33274138128244546,2,1,0,1,2,1
-0.19353306309378798,0.20733501506874047,-0.3489562085862161,-0.028560729041195138,-0.2931921080846704,0,1,1,2,1,2
-0.14382423103958075,0.3657313237363323,-0.4004481113674045,-0.2289333847611168,-0.1441594153358441,0,1,1,2,1,2
-0.19852148470341352,0.2362665432511317,-0.43418405958807194,-0.1339788467313768,-0.3710804968403903,0,0,1,2,1,2
-0.08404040716754363,0.02493460551364038,-0.29815398355225786,-0.3055395833464394,-0.2964669799436625,0,1,2,1,1,2
-0.030705461411586844,0.2609389275318794,-0.4114900914409171,-0.22596847469615305,-0.3889350630915943,0,1,1,2,1,2
-0.024317663814232567,0.1668723695296793,-0.35105711508640275,-0.34581201643943815,-0.3919557199850419,0,1,1,2,1,2
0.21597158792476387,0.5764151325861893,-0.2405903179181324,0.2182619797889354,0.1806419604181546,2,0,0,2,2,2
-0.05565491516566675,0.02341221139946148,-0.31977208048726424,-0.1953271491787434,-0.26874258578747645,0,1,1,2,1,2
0.0005107685672449819,0.17295056507851606,-0.4828796379349872,-0.1471238234775698,-0.23945497256037035,0,1,1,2,0,2
0.4177709358053645,0.24856188086081626,-0.07040251081776339,0.12572623718498807,0.369979698996444,2,1,0,1,2,1
0.04962387631710709,0.06040021587364372,-0.3629169013307043,-0.24450358536451552,-0.33221844200229145,0,1,1,2,1,2
0.17040157215104373,0.4573662094120149,-0.0778629282729283,0.0018991183397226719,0.5825428035466336,2,1,0,2,2,2
0.25685601859493773,0.31820484100819413,-0.1850297041925858,0.14999224196311745,0.15226864708846072,2,1,1,1,2,1
-0.007227800949157988,0.2837178997850354,-0.4944830970946308,-0.2715266274261909,-0.09915678163822306,0,1,1,1,1,-1
-0.026758955226604667,0.27097069305584154,-0.454306012079696,0.3120006748598288,-0.39805846760014574,1,2,2,1,0,0
0.017323284374238357,0.33031615410284565,-0.32339412391995564,-0.06939243584793298,-0.3698755573347576,0,0,2,1,1,2
-0.20793150716470063,0.03402172716663511,-0.25284528178583415,0.36075948520013346,-0.38086364732439704,1,1,2,1,0,0
0.24535379291717618,0.41666678573540383,-0.2649733504058248,0.16663782683200365,0.34323135835666657,2,1,0,1,2,1
-0.0352955117084397,0.28111231980727236,-0.3897750789228326,-0.1498082184321193,-0.3589277800453948,0,1,2,2,1,2
0.23318639903605626,0.34974744277120096,-0.05066061168293309,0.34995865443759056,0.4505788057439572,2,0,1,1,2,2
-0.063683073311239,0.04207606028020133,-0.17954600121910225,0.4018122538331945,-0.2598335949603542,1,1,2,1,0,0
-0.11663473887502897,0.06202471875739332,-0.11057478498621309,0.3261254417621896,-0.3866582151877374,1,2,2,1,0,0
-0.05656973818137308,0.04826678144365344,-0.28216170943631047,0.41884834669251514,-0.21787034729343047,1,1,2,0,0,0
0.24439317888332374,0.48393970998433766,-0.09556179054788493,0.052605388913219295,0.30735708227154857,2,1,1,1,2,1
0.04975666943018843,0.21292951465996962,-0.2088088190956506,-0.046777647438370845,-0.21624242583291775,0,1,1,2,1,2
-0.08546074280535003,0.08721734661391363,-0.4739905193048325,0.011362142808353348,-0.2770666299653359,0,1,2,2,1,2
0.25227504689025915,0.3565740856885082,-0.09907990962135999,0.2924984946758634,0.38568829400199645,2,0,0,0,1,1
0.054568445286007766,0.2875504233008459,-0.31518853411563835,-0.16817203905177508,-0.16745736780299048,0,1,2,2,1,2
-0.13096885639467934,0.26612893218726835,-0.14644211924910894,-0.18274679506596733,-0.27778050612509986,0,1,1,2,1,2
-0.015590272542221999,0.1718203443264929,-0.28087465273813095,0.2409350297726328,-0.5804852021428608,2,1,2,1,0,0
0.03430912986551331,0.2520847220119121,-0.07908792113756002,0.2652313099208854,-0.3887206035630659,2,1,2,0,0,0
0.3475646217335555,0.30711059900902893,-0.07748873031467098,0.22438041151978705,0.04576242207046105,2,1,0,1,2,1
-0.09892713737700695,0.041712664084653656,-0.28783639225176955,-0.21653571117658058,-0.4058327430970785,0,1,1,2,1,2
-0.06287060131380336,0.17681615929814556,-0.4319491450679245,0.12484666211154369,-0.36653855423671905,0,1,1,2,1,2
0.043853263463570366,0.14663121743968047,-0.2955310979007374,0.1768754543705732,-0.454429057667248,1,2,1,1,0,0
-0.17061714825955715,0.22787718016323183,-0.35212126312102027,-0.02584152602123929,-0.18647845647973252,0,1,1,2,1,2
-0.23271185193328608,0.08095722347645269,-0.07989146500444369,0.5044811204012194,-0.3607727837327569,1,2,2,2,0,2
-0.08552237205511887,0.19955244702086247,-0.30199611722845,0.24645881851173318,-0.36930567436459844,2,1,2,1,0,0
-0.045441895423763354,0.10314523447766002,-0.3274530516735634,-0.23250068836015603,-0.0949170792154061,0,0,2,2,1,2
0.06343808280666352,0.102765164414689,-0.28703034619015416,0.34439187307692454,-0.48898744564388213,1,2,1,1,0,0
0.03151481076456597,0.38168019237990264,-0.042656715377343335,0.1766545020554955,0.3807191854030668,2,0,0,0,2,2
0.23959471246750091,0.35805203188013823,-0.10398499339426301,0.14156433952868155,0.33919061893235375,2,1,1,1,1,-1
0.22371487604164417,0.32332088282735105,0.0034688475723962664,0.28423308704960565,0.35003777903373334,2,1,0,0,2,1
0.22802842772014353,0.39310044513986997,-0.3762400086101878,-0.13783564705766957,0.33972761266346785,2,1,0,0,2,1
-0.10012516473327984,0.43737937773688873,0.07744126188001127,0.34604584096919666,-0.5214101311287391,1,2,2,1,0,0
-0.10636500674808119,0.25838080486743803,-0.45550523303165774,0.03760449020648213,-0.4153425720946636,0,0,1,1,2,2
-0.17750861658982936,0.24909477997825358,-0.5055675661669838,-0.18334662384098155,-0.39904353992286207,0,0,1,2,1,2
-0.08851000183022446,0.15590443612939753,-0.38061855083092033,-0.11687815257359568,-0.26231743343026176,0,1,1,2,1,2
-0.27491624411484117,0.21216040707950196,-0.35668267227946715,-0.15297527758025828,-0.17192373218440454,0,1,1,2,1,2
0.18836902344465345,0.4793938774685895,-0.2125384147068305,0.13968313383289133,0.3570512843003289,2,1,0,2,2,2
0.20106974836897856,0.3752511104205626,-0.17765685249587965,0.202547660915902,0.5281998726243666,2,1,0,1,2,1
-0.047357312386678674,0.298373843914087,-0.4293677615496887,-0.13275235408579356,-0.18931838395043205,0,1,2,2,1,2
0.11039601517226613,0.3318443126189868,-0.08672598342199553,0.24879156605039357,0.29364982930887773,2,1,0,1,1,1
-0.012204639965120341,0.10024761880976252,-0.08570734971774979,0.1652977575535902,-0.3707514032424426,2,2,1,0,0,0
0.17761699603736236,0.08053902785354979,-0.1441187536869578,0.2710465820155025,-0.3241539495816362,1,2,2,1,0,0
-0.05514346093089153,0.17402798719036994,-0.48327358139097343,-0.38770390534820653,-0.13649466679566105,0,0,1,2,1,2
-0.2035889195938641,0.20749618222662644,-0.3146586251712454,-0.24383491137761995,-0.24709280757652802,0,1,1,2,1,2
0.18577286366674975,0.3677084427141951,-0.05964221021555305,0.3374058436617222,0.35910194672466234,2,1,0,1,2,1
0.030344898688645622,0.24857192827447938,-0.06716681431271226,-0.21790585033215282,-0.32009915699632674,0,1,1,0,1,-1
-0.22824175695125415,0.3764942955770564,-0.41803732484087136,-0.17277744020886884,-0.165613861329018,0,1,1,2,1,2
-0.2843799842773835,0.23620675577625103,-0.35119007860323187,-0.14695148090387777,-0.4365869835816086,0,1,2,2,1,2
0.2320056346669236,0.4422036149443652,-0.221601528804651,0.1740542172355727,0.2563134282509697,2,0,0,1,2,2
0.31332357293099544,0.3162227329462387,-0.1653943240458924,0.25449553010495973,0.480211665154587,2,1,1,1,2,1
-0.08676388192420126,0.2387747275911228,-0.25192414911814415,0.3715451295814096,-0.38891252123746956,1,2,2,1,0,0
0.26729290605446676,0.4506824179665341,-0.1456892548028001,0.3296714766612526,0.09727552281533411,2,1,1,2,2,2
0.3538044420413784,0.44564877560943017,-0.20647461133014547,0.15863526207336193,0.2632785444224464,1,1,1,2,2,2
-0.04511061563229954,0.14321700072412577,-0.2549863419331526,0.2777256914688423,-0.2989844474094544,1,2,2,1,0,0
0.2616925359671658,0.5322135283350159,-0.32710288794837283,0.31662945818265154,0.13262199271459024,2,1,0,1,2,1
-0.10077590858468648,0.1528962687088503,-0.6785831899444028,0.035869564067186666,-0.24551420398893292,0,2,1,2,1,2
0.1537634708755536,0.3967177935000923,-0.23142423077268992,0.11056964842893671,0.5287753870170272,2,1,1,1,2,1
0.07252019338570802,0.19860021870671293,-0.34236223034727087,-0.13815171811964227,-0.3007915325713272,0,1,1,2,1,2
-0.07706735824653571,0.10664132476493494,-0.061995965725227586,0.3566714403235119,-0.436004223201201,2,2,2,0,0,0
0.1369229530435545,0.2066292331098518,-0.3359744234169057,0.40661604214244335,-0.17117215134589786,2,1,2,1,0,0
-0.1787615644475571,0.21648240334275595,-0.2947294517727782,0.38811915429808136,-0.5572023044597534,2,1,1,1,0,-1
-0.10921578489048986,0.12852125631445646,-0.3311767971983436,0.01837757284724348,-0.31789882684484005,0,1,1,2,1,2
0.28766507970363875,0.4699230442967925,-0.1208007236443007,0.22956963771196007,0.31610658445279,2,1,1,1,2,1
0.3386495100695055,0.4805746088786169,-0.07885865281820026,0.18562436296674112,0.3295219346989374,2,0,0,1,2,2
0.21178241691369842,0.42655657049320383,-0.35411170858815033,0.17480510234616897,0.41168488206192627,2,1,0,1,1,1
-0.04485735788297955,0.10085642758646557,-0.28903100901124557,0.28039696191580993,-0.2184350222329884,2,2,1,1,0,0
-0.16865711920180843,0.23275671698796255,-0.24882250326328156,-0.21572601454758586,-0.38190948962674404,0,1,2,1,1,2
0.4220155157573094,0.4220381385010747,-0.04509527074984082,0.29940182682628785,0.24301924989244755,2,0,0,1,2,2
-0.0796260545057946,0.37463675411663727,-0.5272173055611009,-0.29190423488477135,-0.24668720023165597,0,0,1,1,1,2
-0.1788224621942084,0.14172314879115938,-0.2736009428416155,-0.08397393367015897,-0.3207462147958133,0,1,2,2,1,2
-0.13782267807834425,0.09669249602276811,-0.21182239688615953,0.3334107043530112,-0.48862798845511407,2,1,2,1,0,0
0.35193892962407625,0.3529066825795223,-0.12659816991719364,0.0017348790536233227,0.22702171515558256,2,1,0,1,1,1
-0.1585849832776215,0.1629607222022297,-0.34876931470053896,-0.1845837352286128,-0.40453537050046323,0,1,1,1,1,-1
0.08478034570900467,0.05507633103626258,-0.018836420546633648,0.21944914096442086,-0.42382449200796507,1,1,2,0,0,0
-0.21888070636744883,0.09977176249788408,-0.4770385256673434,-0.07945600058371285,-0.3140754913177707,0,1,2,2,1,2
0.15228798191030335,0.31013077315974813,-0.06346541411752177,0.349189604530431,0.3479632514391599,2,1,0,1,2,1
0.17392955321021694,0.41541220037144144,-0.14583161343261708,-0.005751687464168459,0.4150155400021545,2,1,0,1,1,1
0.21220478912023036,0.295331955550144,-0.18571786518559247,0.0977369708537428,0.4820315535627565,2,0,0,1,1,1
-0.17633910529048066,0.2904526140063587,-0.30911561787046915,-0.10763388340423449,-0.19206181051649757,0,1,1,1,1,-1
-0.18632653943231847,0.15370996783196725,-0.17522793445962423,0.2668453424451163,-0.34062412592474345,1,1,2,1,0,0
0.06712034007802092,0.3925737558617853,-0.1509960845578055,-0.008534955891866591,0.1277136593122406,2,0,1,0,2,2
0.19513725360421866,0.38225186083224627,-0.1202069198130435,0.23223249210121027,0.3119232094270897,2,1,0,1,2,1
-0.13964502907423543,0.1120440291684931,-0.2125863440236887,0.4496958909200925,-0.4491550978211678,1,1,1,0,0,0
-0.031050419979694772,0.31818376326499204,-0.2732699402297754,0.31044426914850315,-0.42280119036212527,1,2,2,2,0,2
0.011725525964674424,0.11303608261701925,-0.5106183002270478,-0.16462431978910674,-0.1660034072754994,0,2,1,2,0,2
0.046064028633005,0.20650694704679834,-0.2603967502927219,-0.22401774160972318,0.02093830579426431,0,1,1,1,1,-1
0.27140182745789554,0.31900112391021324,-0.1581205696211509,-0.03665743552305617,0.36063731798603643,2,0,1,0,2,2
-0.13540408324540476,0.2902366350229194,-0.6507671523703266,-0.07642081579599248,-0.25453713005061124,0,1,1,2,1,2
0.032124036124835526,0.12001210083054156,-0.26129887076912706,-0.09763822717046033,-0.37141207279422717,0,1,1,2,1,2
0.028477886197637955,0.1885186572370528,-0.1486960498620789,0.3953398597160738,-0.39910621016428505,2,2,2,1,1,0
-0.03347955233485366,0.1353960391875407,-0.16943909220016973,0.22318150320522528,-0.2168913430677841,1,1,2,1,0,0
-0.038459206637473625,0.17388952923083997,-0.23878695318482895,0.19750063257819306,-0.41246886142746153,1,1,2,1,0,0
0.2096329082517922,0.1941317007810366,-0.2329890655774982,0.18732766891592595,0.4715548638209872,2,0,0,0,1,1
-0.05619861488008145,0.20798020818571694,-0.41368081634297416,0.3931227734908757,-0.4140743606225338,2,1,1,1,1,-1
-0.03682805119882314,0.27073162839172615,-0.3451825278041991,0.22837681656307546,-0.3694499821853512,2,1,2,1,0,0
0.11743537426458239,0.18174244975256523,-0.12376599650831732,0.33442583629508055,-0.30195326180326865,1,1,2,1,0,0
-0.21068856811214748,0.12553365672775213,-0.3832709829849657,-0.07026642518279883,-0.2505839107187782,0,1,1,2,1,2
0.10256119073031204,0.19971267941871662,-0.649095961355715,-0.11944738198695543,-0.41321286200547813,0,1,1,1,1,-1
-0.19035352630987543,0.16896990871922926,-0.294853282378919,0.3225834341292553,-0.40731456016394463,1,2,2,1,0,0
-0.026966263083790173,-0.0064117422401221424,-0.28256717332975234,-0.16185018730346953,-0.19356482554634802,0,1,1,2,1,2
-0.08493416475992341,0.16580565576948275,-0.3123860742291619,-0.0828421533079205,-0.22920087300766784,0,1,1,2,1,2
0.24638225140220302,0.30293401814743615,-0.274145153982454,0.03672028533471558,0.41010726975056155,2,0,0,1,2,2
0.2263262012101206,0.639229514766871,-0.21464879633194453,0.18157044067276182,0.23986258375676947,2,0,0,1,2,2
0.31412588125079766,0.3632162833827411,-0.2074522966798394,0.16393071006746746,0.17895160077997072,2,0,1,1,2,2
0.04062140959270326,0.15500494948014185,-0.30575991197064123,0.02336946421733274,-0.26813641731246346,0,1,1,2,1,2
0.41026932296633406,0.4744425457390421,0.007533582601911615,0.21514274248098023,0.15417734069696523,2,0,0,1,2,2
0.04359166253552346,0.2913015051598695,-0.27017535276689986,-0.14989935616879269,-0.15085786428996592,0,1,1,2,0,2
0.00013076718354877725,0.04484780482144793,-0.2988653794695996,-0.07058273356286818,-0.14273930119289577,0,1,2,2,1,2
-0.09449396774083871,0.23425091955057598,-0.0479903966663682,0.5321429062453591,-0.3002451147677663,1,2,2,1,1,0
-0.07771249061382982,0.36517403819974037,-0.11835645010675504,0.4660202668223813,-0.4192777570025225,1,1,2,0,0,0
-0.14838696341965102,0.0173574632310127,-0.29234637657233786,0.17686458970346783,-0.24763353304693414,1,1,1,1,0,0
0.3182821587750819,0.30835583466821653,-0.08831761995067813,0.2093426566232257,0.4003952448711511,2,0,1,2,2,2
0.23687668944218396,0.4193173357811051,-0.13974546262438314,0.21344274433662958,0.36827306268561727,2,1,1,1,2,1
0.23033245414038633,0.3470006500660121,0.02548274820403601,0.1355584469520036,0.2803963165772772,2,1,1,1,2,1
-0.1453571829467053,0.2983524642184082,-0.4052114801845986,-0.012984376878597742,-0.3299054909086109,0,0,2,1,1,2
-0.052817616145200835,0.10091343081760656,-0.30631752626790315,0.23522067841052932,-0.3747251898552361,2,2,2,1,1,0
-0.09209004265287324,0.2618460881242395,-0.05963851422492247,0.30277056956120557,-0.3480167437381376,1,2,2,1,0,0
-0.01927057213276439,0.3032972807304085,-0.2537571278513166,0.07575299742291369,-0.4194624822156158,1,2,2,1,0,0
0.14030114445269493,0.028864550439134773,-0.4822918794612601,-0.2459410772788384,-0.3100571775972678,1,1,1,2,1,-1
-0.16405448772248524,0.19317595623915634,-0.3502185855487848,-0.297411619800954,-0.3343830519565083,0,1,1,2,1,2
0.04321006386365868,0.1451362166819657,-0.2363726959245351,0.19222725913434208,-0.47750226721900024,2,2,2,1,0,0
0.2111359787515715,0.340017549861884,-0.28924509963733047,0.1862525004549313,0.32097524216466156,2,1,0,2,2,2
-0.03081113892959654,0.09637371807286436,-0.3191439290840055,-0.11830026218080653,-0.2527901967181131,0,1,2,1,1,2
0.04183211173292069,0.348419415017586,-0.43952145238671037,-0.30557321541296945,-0.2182544735009579,0,1,2,1,1,2
0.09972433584568213,0.4865291837793735,-0.19313102190872702,0.17563666242720274,0.34544520428720316,2,0,0,1,2,2
-0.08493508692033516,0.17029779493381253,-0.35004103433608386,-0.2259511313953099,-0.29059820818340176,0,1,1,1,1,-1
0.29041623503224145,0.2812518111648071,-0.23686200332425822,0.13776173458926627,0.2504884794616983,2,1,0,1,2,1
0.24007113387639015,0.3853444003087995,-0.10221402352222474,0.4383924564299232,0.15661322494023203,2,0,1,1,2,2
0.02086314970305514,0.21409633620498408,-0.3718736182249638,0.5465523343456129,-0.1687693209821621,1,1,1,1,0,0
-0.19345493830389277,0.15891905318543295,-0.2371160896708809,0.2631904393585534,-0.32856877584868266,1,2,2,0,1,0
0.14032348544285245,0.30834648730821834,-0.08537502421671324,0.37945199977583466,0.2103650255863817,1,1,0,2,2,2
-0.23821663503114088,0.18169234263060646,-0.47922943899892473,-0.1870427768445046,-0.308045690782992,0,1,1,1,1,-1
-0.12552331608451547,-0.054510550754616555,-0.4024564071996279,-0.14663454305300172,-0.2533395887424237,1,1,1,2,1,-1
-0.09460344713647494,0.05203749687612633,-0.31722447318606345,0.2448165322395285,-0.3196496415510517,1,1,2,0,0,0
0.05361460042096218,0.19449588477079163,-0.43680318493876014,-0.22175635803984356,-0.23979797003652747,0,1,1,1,1,-1
0.29505314583472625,0.347093736553322,-0.23292652780323747,0.16424921698621067,0.21555391914587618,2,0,0,0,2,2
-0.17823331656334773,0.3567889390291067,-0.2228987904047571,0.41238601186049423,-0.645174832859081,1,1,2,1,0,0
-0.06753552203992569,0.07704708721014024,-0.25208728370774836,0.3742425424209457,-0.5773670896416654,1,1,2,1,0,0
-0.08079165445873725,0.09929362336737602,-0.2272352410622506,0.25285466736981865,-0.4229834794865492,2,2,2,0,0,0
0.2944018531537702,0.23982702461752364,-0.17417930189345643,0.13911873259788624,0.24757282054391672,2,1,0,2,2,2
0.050218733104276464,0.09646726636736572,-0.246201550248851,0.2687934621164322,-0.4738563537144357,1,2,2,1,0,0
0.15878040671477234,0.30472583368487444,-0.08749273739594085,0.16059434068127962,0.37205364178763667,2,1,0,0,1,1
0.21880858515590293,0.3321726082323676,-0.14352162284369235,0.009539369127424702,0.41902110793283864,2,1,0,1,2,1
-0.1336727881946567,0.17325971338593385,-0.2623715974225275,0.19197989044290478,-0.45997345461996375,2,2,1,1,0,0
0.08281545886116792,0.11770221834768248,-0.13902710168185717,0.2632228280048707,-0.43900129626307616,1,2,2,1,0,0
-0.05510039363178036,0.0022717291713912624,-0.41965337625786536,0.33591704301853104,-0.5551230292010513,1,2,2,0,0,0
0.3586062199023414,0.5295357053483691,0.05587437815562751,0.22220771968414943,0.34470335841612404,2,1,0,1,2,1
0.08760147014504915,0.23506558666312585,-0.23267059228963916,0.3285065257284942,-0.4010219321998101,2,2,2,0,0,0
0.2385147040258415,0.3837197919921586,-0.15520839994715363,0.1703796618490396,0.36602482783032364,2,0,0,1,2,2
0.15994916583773033,0.5023087923061877,-0.185934426629907,0.1612483084433635,0.214789205980092,2,1,1,1,2,1
0.26343768587847916,0.39615040511813876,-0.29305060765001056,0.016439109046286704,0.3040815424002865,2,0,0,0,2,2
-0.17659882219649714,0.06702513317609309,-0.5382297137768004,-0.07445499676924557,-0.3270819901981781,0,1,1,2,1,2
-0.15052463674315125,0.10414993747264903,-0.07120836312921866,0.44789185113410124,-0.5801113368077179,1,1,2,2,0,2
-0.14171698166885383,0.30126705854572605,-0.34798170788794786,-0.18769260080469288,-0.23329559078918904,0,1,2,2,1,2
-0.051600661230499584,0.23316073090889625,-0.4029564555814515,-0.1466464684151994,-0.29719783800798394,0,1,1,2,1,2
-0.06656773259674267,0.16991721279447303,-0.3028724267080069,-0.11378771722637696,-0.24919840876679103,0,1,1,2,1,2
-0.09445081447574982,0.3816157953422266,-0.22324976728483942,-0.1639485664719023,-0.5234977055603176,0,1,2,2,0,2
0.19007613588850653,0.19867419997621188,-0.07901120479641728,0.12661066613345642,0.24271508396223443,2,1,0,0,2,1
-0.037176733332149416,0.2834702178769076,-0.4690556799424218,-0.21571588899639985,-0.36689265922791,0,1,1,1,1,-1
-0.036260155573605776,0.1407552583730454,-0.5135265097319628,-0.19281758953570907,-0.3030368287804166,0,1,2,2,1,2
-0.10761890829562756,0.24236923149412673,-0.28335102803173473,0.16130811900772188,-0.4222380224972956,1,2,1,1,1,0
0.08764351339631775,0.06110982005870266,-0.5083085231752302,0.012135497370131282,-0.22126903955212787,0,1,1,1,1,-1
-0.07692319972474251,-0.10311939764698738,-0.4448864454446173,-0.2558723424606014,-0.21288997068900317,0,1,2,1,1,2
0.00532286340204044,-0.08372097246762439,-0.29627053436430517,0.27665249109807627,-0.5816061131580523,1,2,1,0,0,0
-0.022460552840064776,0.28821307518810646,-0.498976669482717,-0.16856271597234382,-0.13700447938384522,0,0,1,1,0,2
0.245974217175371,0.374536941023623,0.03947243716255783,0.3390087552879606,0.18069451410691045,2,0,0,1,2,2
0.2634438768517685,0.19363245794980263,-0.21271436956628476,-0.013660172304579637,0.3215197729376628,2,0,0,0,2,2
0.17382859844385945,0.24841296497920456,-0.1600886531851351,-0.1035449025120719,0.38373362135280153,2,1,0,0,1,1
-0.19769729082187076,0.15180005649010997,-0.4001948443540887,-0.09122224875381027,-0.272108233202984,0,1,1,2,1,2
-0.018546947930000113,0.15197328634711818,-0.39121865286953994,-0.06614134065419727,-0.319360597030551,0,1,1,2,1,2
0.19758358072263407,0.5253977875302326,-0.32069355315124404,0.08790590866913726,0.3340375348196527,2,1,0,1,2,1
-0.06796301436566166,0.11979082651912938,-0.1780457076575197,0.21566187040566942,-0.3448093890265792,1,1,1,1,0,0
0.07801050528044239,0.122012086802148,-0.3864369909141543,0.018158201063110918,-0.18549348042003302,0,1,1,2,1,2
0.0015035695427926266,0.06532293628320873,-0.43519709950082264,-0.10734512701912954,-0.160353315362804,0,1,1,1,1,-1
0.14510518834275588,0.2084355946153046,-0.34873834577849333,-0.10639683350883691,-0.3701203856041613,1,1,1,1,1,-1
-0.016282139203984955,0.03739752325142495,-0.1939879521434718,0.4636939528098173,-0.4658678270816662,1,2,1,1,0,0
-0.07902124580406056,0.13071825969048348,-0.1962562933407041,0.22247063658327543,-0.32912422188783846,1,2,2,1,0,0
0.1489343076776149,0.37461423463309035,-0.1790580605821371,0.14791305545302508,0.4854373195780976,2,1,0,2,2,2
0.20622537857331344,0.40498125737356827,-0.3755552189016844,0.17711062091624452,0.20091306596970143,2,1,0,1,2,1
0.32771394349016564,0.2690786336054476,-0.20975927663434196,0.19542802382771582,0.14645612354525772,2,1,1,1,2,1
0.13688337386589897,0.35530607469973935,0.04057747540266507,0.22169188704968482,0.06905936530453793,2,0,0,0,1,1
0.28841495674220485,0.3319054239448411,-0.275258784404952,0.0575222078909704,0.23890660694371513,2,1,1,1,2,1
-0.1606783146125461,0.005239195703035132,-0.10538041355203462,0.3336860292113415,-0.4385370195685737,1,1,2,1,0,0
0.07993360613530888,-0.030033827927368167,-0.4315164103310995,-0.1962887527612629,-0.168770461209395,0,1,1,2,1,2
0.43215256563608606,0.42370391743571917,-0.1371634862548731,0.043216845076140445,0.2509309654892079,2,1,1,1,2,1
0.07575245679788445,0.2943493051890693,-0.26354110709600786,0.24272636374583234,0.2924428126511174,2,1,1,1,2,1
0.3161207675887787,0.14275535008049045,-0.1813414486645015,0.04622306687214496,0.3316207269295318,2,1,1,0,2,1
0.30027778170509417,0.527473516721115,-0.1439793930249668,0.15405739660553727,0.4412389179266046,2,1,1,1,2,1
-0.10872646662628127,0.10282714484936392,-0.5558485049953392,-0.05650107059725076,-0.5048586686279402,0,1,2,2,1,2
-0.01585089900902238,0.07150679594723809,-0.20743036188185876,0.24623113461688867,-0.5223659225914891,1,1,2,1,0,0
0.0522943342326804,0.4315614313802779,-0.13881785459895707,0.27204461633328,0.22114978942366142,2,0,0,1,2,2
0.2635180940359742,0.2979523713702291,-0.02465892094017115,0.2386413541499197,0.2052205038674461,2,1,1,1,2,1
-0.1966932721915506,0.20793096275170836,-0.3038982788281738,0.3529090373427064,-0.3236642132911555,1,1,2,1,0,0
0.3395711565555777,0.3697291257169534,-0.08480266848174332,0.3383173048791547,0.2635341965559538,2,1,1,1,2,1
-0.07681165881994274,0.23899981009088836,-0.4407593800585723,-0.11268871356229901,-0.44006303398238533,0,1,0,1,1,-1
0.003940011327795118,0.2656861979632284,-0.21955496375075748,0.32532579369414283,-0.5577629002667851,1,1,2,0,0,0
0.032217979602732566,0.28310548580698636,-0.5089901259552849,-0.07401984257158357,-0.3860656376464291,0,0,1,1,1,2
0.3374689347662771,0.4270998274909594,-0.16851715169655263,-0.11115381846259273,0.3723834552113133,2,1,0,0,2,1
-0.22572739844717976,0.22019740328930057,-0.1445258579980319,0.39272891681293587,-0.41079010145232975,1,1,2,1,1,0
0.19697624676098555,0.3704392907439061,0.0022578979865113535,0.0760147929376353,0.2734572141376117,2,0,0,1,2,2
-0.154970798230753,0.31076462937597793,-0.4207822232169661,0.28351959361035256,-0.31137924887706436,1,2,2,1,0,0
-0.07661298103400202,0.14823158729000668,-0.3244740267089589,0.17182504700841347,-0.4238044013993991,1,2,2,1,0,0
0.25372179301197606,0.4708777460646907,-0.15845578222383544,0.05885143947449155,0.27720485825031066,2,1,1,0,1,-1
0.16157589882136744,0.41702179826528263,-0.07416297488963525,0.050074513527326406,0.31477379550160295,2,1,1,1,1,-1
-0.0264173487530448,0.15677987335929283,-0.7046511279723793,-0.10989808017903957,-0.43741728376062233,0,1,1,2,1,2
0.3022860885595756,0.16442887644437001,-0.16962993546318564,0.08529844031983728,0.1960831860733166,2,0,0,1,1,1
0.011708712641133656,0.16259042854423006,-0.08730137529414836,0.3859876776020904,-0.503118516437759,2,1,1,1,0,-1
-0.1565193314088482,0.3173867605539916,-0.20443654398974018,0.24017040781608925,-0.4259184472816246,2,2,1,1,0,0
0.13251347972410754,0.5686504511846997,-0.10710803474929412,0.2341437437906903,0.23914332685493392,2,1,0,0,2,1
0.43936586275056017,0.503978465109855,-0.20823135687940228,0.1585801816716514,0.5484346383694259,1,1,1,1,2,-1
0.281257869640576,0.26151852273030807,-0.14802262151659648,0.18377315487174387,0.3240721040070393,2,1,0,1,2,1
-0.09110777088788087,0.31623039565096134,-0.35545055062799547,-0.1999930058010027,-0.18109003431318477,0,0,1,2,0,2
-0.01052392343145643,0.13171470205538194,-0.39116636934995613,0.18538302588513464,-0.35690003230089884,0,1,1,1,1,-1
-0.036251819937169694,0.13302067563236472,-0.31868335919588975,-0.17983853400383787,-0.30733262516794707,0,1,2,2,0,2
0.2766108922147596,0.439241594459349,-0.22198313978441736,0.1631925648004414,0.3600852932896618,2,1,1,0,2,1
-0.18232150695613225,0.3282899144151957,-0.4549014867913755,-0.41794749820573085,-0.010952418053423174,0,1,1,2,1,2
0.03636709191081433,0.15913802732385066,-0.29123149650988056,0.2703513657989281,-0.4219901954959236,1,1,2,1,1,0
0.23051040692793204,0.21643406141225432,-0.11692238783788697,0.1926763246051135,0.29202793733947974,2,1,0,1,2,1
0.028821028464487877,-0.02843671300093123,-0.277085154055946,0.25664781758517413,-0.4364336623494427,1,2,1,0,0,0
0.04685333983167998,0.06015560432131284,-0.1798092937762891,0.4698905700068773,-0.499013237037445,1,1,1,1,0,0
0.3794509896881729,0.2809841870117454,-0.24842220812734167,0.020643462500032433,0.3453516211673804,2,1,0,0,2,1
0.12453137829208735,0.537860665638592,0.07485220057862224,0.3100080171219633,0.31471425441091916,1,1,0,1,2,1
-0.03985660724783355,0.18207966328173528,-0.20357661690495096,0.24441931044211684,-0.45998114717416916,1,1,2,1,0,0
0.2689576945149504,0.29779706402622114,-0.04195153682103983,0.015949087741498197,0.44580607140161127,2,0,0,1,2,2
-0.27395738976154393,0.27073035975696486,-0.44967208484398047,-0.15608772812933866,-0.40919348308148673,0,1,1,2,1,2
0.0489919884555028,0.020663194827682335,-0.33482554339918563,0.3679564107310422,-0.40179306839368734,1,2,2,0,0,0
-0.14381599597208494,0.2610012763105376,-0.5099776460251582,0.3530460278734724,-0.4028526273075592,1,1,2,1,1,0
0.03004670312600971,0.05874979305232694,-0.21246447402555965,0.4102958372145855,-0.4148383407631899,1,2,2,0,0,0
0.24454638243470855,0.28941479134194564,-0.15438296272756655,0.17959559947881215,0.38386732863887596,2,1,1,1,1,-1
-0.17357361544035305,0.22549610414242893,-0.49448090000037465,-0.2096978725342968,-0.4282877659151494,0,1,1,1,1,-1
-0.0016830047198583553,0.302333549176911,-0.09151985179970373,0.2016878597422911,0.33764537826873936,2,0,0,2,2,2
0.018739939995770283,0.2096188149322622,-0.16843532106519205,0.39322321587257664,-0.4633730102985523,1,1,1,1,0,0
0.0751853914945958,0.11842722597574672,-0.49428695189401234,0.3543535585344232,-0.3014974849713736,1,2,2,1,0,0
-0.11929829212113785,0.14073679685913934,-0.07195855225650002,0.1621220313921668,-0.27566837935047794,1,2,2,1,0,0
0.24675599727170655,0.35128241196179466,-0.10011899139758111,0.06686392676681445,0.2541300329814256,2,1,0,1,1,1
0.017734169523309445,-0.044267963895060186,-0.4404183847102936,0.4963099194133189,-0.45793431169086624,2,1,2,0,0,0
-0.061620355229749985,0.04737182651433938,-0.3235874108432711,0.33409640723839457,-0.43385290104276963,1,2,2,1,0,0
-0.217584007866929,0.0684704933983071,-0.45327574317528085,0.3210532537849377,-0.5180134496319588,1,1,2,0,0,0
0.2490785009001545,0.32825106581821034,-0.04591230246903728,0.27591388918260923,0.21921364587413716,2,0,0,1,2,2
-0.19693059485359038,0.18361829103835647,-0.36255150854136226,-0.03459339805679759,-0.3244331015820163,0,0,1,2,1,2
0.3093779392248152,0.36478181951244376,-0.3344301222581241,0.21048759943311135,0.09284808952424353,2,2,0,1,2,1
0.25642532416984004,0.44507219040392165,-0.1123236738833851,0.32028725375599154,0.16430759277280588,2,1,1,1,2,1
-0.1729379480448654,-0.06808618273073228,-0.17815475055377586,0.3864663740151623,-0.43116123704505904,1,2,2,1,0,0
0.38506868560826696,0.2699615165688872,-0.1648071089288897,0.297442393917457,0.37384487201772654,2,0,0,0,2,2
0.2438855706115279,0.24982755293167297,-0.17908943977817995,0.11891830794628958,0.19209874955648884,2,0,1,1,2,2
0.09581404099298622,0.09536176128417484,-0.4244421106928912,-0.11961179992198492,-0.31104713974392034,0,1,1,1,1,-1
0.33580502234487,0.5472206324811502,-0.1814789771938898,0.24840071024916077,0.24026949175157078,2,1,0,0,2,1
-0.12018044557119224,0.24039024181669078,-0.38091133250393666,-0.16652600467860212,-0.3035461835990916,0,2,1,2,1,2
-0.14768644239145284,0.016031635573350883,-0.1811639596099569,0.11139124548876603,-0.42364199227679544,1,1,2,1,0,0
0.12691694140302162,0.4391118980493748,-0.22019613179513725,0.07651423218530191,0.2407128418939374,1,0,1,1,2,2
-0.23961769283541676,0.21666737909256328,-0.18447480023318777,0.2259540543661518,-0.43416826020459726,1,2,2,0,0,0
0.15928726335030063,0.36122902703141335,-0.16256952856828596,0.005730850535287019,0.25134363678434146,2,0,1,1,2,2
0.3022145538244936,0.43299617890503184,0.025006905401653373,0.13667028707052614,0.3674618890443562,2,1,0,1,2,1
-0.06271020786926015,0.1356012075743012,-0.11566411422048341,0.32809453661605537,-0.4551510563451845,1,1,2,1,0,0
0.026098409337207987,-0.06940895001072947,-0.3847759572296381,0.043928867939615035,-0.34426813932204625,0,1,1,2,1,2
-0.10199594012949016,0.12384260448159345,-0.42228609627487546,-0.20698476056433235,-0.21421729094797248,1,1,2,1,1,0
-0.05978847213989065,0.17126873127980202,-0.33950977024877427,0.2680785529993469,-0.31972946164716065,1,2,2,1,1,0
0.2613239027871396,0.5186549269816871,-0.029794701064590354,0.26556940152926667,0.4237464021440913,2,1,0,1,2,1
0.055075830857349295,0.39500313016166416,-0.3096976839881514,0.1993447213881234,0.15578592420686127,2,1,0,1,2,1
0.10954187176675043,0.3075841805106825,-0.24699385144789876,0.10445594988732437,0.3226881173989728,2,0,0,1,2,2
0.06557825482222415,0.1475304521526711,-0.1402566203021734,0.47268071420568825,-0.5000929560041096,2,1,1,1,0,-1
-0.05587184859827959,0.2287805852295809,-0.4307310761214775,-0.29238431932125886,-0.4116731939710475,0,1,1,2,1,2
-0.2236845300825619,0.18603958479036983,-0.5451728858284466,-0.06262853545127181,-0.45021485272006995,0,1,1,2,1,2
-0.18639275309453351,0.14607074634628284,-0.4305349912962559,-0.14776300864458936,-0.3933292145204909,0,1,2,2,1,2
-0.1098922462477685,0.06585022143051958,-0.1420415816169302,0.1608851833735849,-0.2890759157127954,2,2,2,1,1,0
0.26987574940071885,0.5596126395308758,0.06537449529975095,0.10447514405534902,0.1948731670843394,2,1,1,1,1,-1
0.1133553594922653,0.46833587932842163,-0.03942244885453128,0.12397955572072675,0.32347112032515807,2,1,1,0,2,1
0.03715763421085627,0.15925181676160072,-0.0863639473626521,0.3189082968431013,-0.3456282256923317,1,2,1,1,0,0
-0.08316717871752163,-0.027399932730177434,-0.25085216902199264,0.37720661819619633,-0.29935881092547373,1,2,2,1,0,0
0.3406190361317088,0.40777141073080664,-0.21099933936979504,0.13708396091314196,0.36926894215615713,2,0,1,1,2,2
-0.08937383373578495,0.05015606004847692,-0.05175402163143997,0.4435046454094203,-0.4989036164763339,2,2,2,0,0,0
0.22617723826680305,0.3881797141055412,-0.11782723476568764,0.23052276277744987,0.3590626708873904,2,1,1,1,2,1
-0.12584397566021757,0.14506811115821105,-0.34818091248053984,0.013182866572692242,-0.27865304650656475,1,1,2,1,1,0
0.2817444432683054,0.41321132044019276,-0.17126374645960538,0.2971546153130901,0.33410630598246516,2,1,0,1,2,1
-0.004244032600030284,0.013023237877820115,-0.2907606634326711,0.27578914269701693,-0.4221533602695087,1,2,2,1,0,0
-0.25580388231683515,0.18495315476686236,-0.3582481153900643,-0.0718962201147301,-0.3720157247748034,0,1,1,2,1,2
0.30225347920489115,0.34760923078568523,-0.29224460517434314,0.1436033610082361,0.2094377150044296,2,1,0,1,2,1
0.026783950903002146,0.24219207287559177,-0.26231024233560696,0.23976078469657156,-0.3593737862764499,1,2,2,1,0,0
0.1522097905536658,0.3086493027295741,-0.15122537645551345,0.18744422616019965,0.2717585876994676,2,1,0,1,2,1
-0.02750372129489352,0.14050036682132985,-0.2815694643520846,-0.22199409881421023,-0.14987800693207476,0,2,1,2,1,2
0.2986521063752212,0.1902308700693106,-0.26885456980298256,0.1938797638138024,0.3490447065123217,1,0,0,1,2,2
0.04985138176499222,0.28297679691741057,-0.5038281146674382,-0.12235486659379835,-0.2066082025238532,0,1,1,1,1,-1
0.08493498389646298,0.1382121740440371,-0.39849936844536815,0.21770279704819012,-0.41670759275575353,2,2,2,1,1,0
0.1444321573485483,0.19567442454321848,-0.1767511154911784,0.198395673418284,-0.43257826018469114,1,1,1,0,0,0
-0.11094710791690053,0.19641798251451356,-0.33805143761694345,-0.08339486365035613,-0.285775534298309,0,2,1,2,1,2
-0.14783192268966316,0.1029875817936333,-0.4609493324358654,-0.159213739425171,-0.19634626023383067,0,1,1,1,1,-1
-0.10744110388803679,0.30383305130656946,-0.443497617881066,-0.1255305819342781,-0.29314655445929944,0,1,1,2,1,2
-0.069915051945598,0.36605817499477983,-0.5417080574478489,-0.02846508596850389,-0.35231225865933513,0,1,1,1,1,-1
0.3672011305414001,0.6000903120182539,-0.16731567384570345,0.2729597974810147,0.2047009263311102,2,1,0,1,2,1
-0.08915377045620478,0.3373163804787088,-0.436755158660014,-0.23288027902198793,-0.07668499519112718,0,1,1,2,1,2
0.02271596461677182,0.17895101818736786,-0.26517668920821325,0.362786054904703,-0.4602590909516322,2,1,1,0,0,0
0.019477567789850936,0.18976872981338,-0.3806672382184134,-0.17669500063751797,-0.2824221450157361,0,1,1,2,1,2
-0.10066725849022777,0.07596332403514568,-0.29477524896235896,-0.09703184744593635,-0.28908027511198703,0,1,2,2,1,2
-0.2278906302221266,0.16627673488776182,-0.3029530220913448,0.3842442370893638,-0.3074807434512954,1,2,2,1,0,0
-0.013802138339506151,0.12826782237546405,-0.40287370810246786,-0.05417941911703053,-0.21488543063079085,1,1,1,2,1,-1
-0.1444683558378686,0.13222934473953915,-0.389732181210623,-0.06573831042847017,-0.2760723858629881,0,1,1,1,1,-1
0.07322472726674872,0.21156915157599016,-0.23053373677887357,0.34259624174878534,-0.25264496692561206,1,2,2,1,0,0
0.17942570123634405,0.39788626808406946,-0.10753478019107834,-0.05595154001169039,0.09007245474568837,2,0,1,1,2,2
0.27299232630492637,0.3351910906792173,-0.2885369836630195,0.19061972325342372,0.200890538877595,2,1,1,1,1,-1
-0.13898921486202603,0.3062954877415254,-0.23009125458515176,0.29679213124177617,-0.40262720978703315,1,2,2,2,0,2
-0.12840236461221302,0.2810417079091245,-0.35329651990873034,-0.1785164084989093,-0.28003022258412386,0,0,1,1,1,2
0.09689196379389121,0.2620693671242402,-0.48729359638390674,-0.15978336944915297,-0.30482342465989715,0,1,2,2,1,2
-0.12187800728211351,0.13621599086124195,-0.32200060382056706,0.40501477891414517,-0.5423059870850923,1,1,2,1,0,0
-0.03554408086448271,0.1827834464892385,-0.2997042957886983,-0.2207295725699004,-0.24819862488604,0,1,1,2,1,2
0.25249805024573047,0.2057484337916084,-0.08836393166299443,0.1917864979948083,0.1933675835990264,2,1,0,1,2,1
0.162892286935017,0.44906779469085134,-0.2093796127746867,0.22897149122806704,0.30330498661461147,2,1,1,1,1,-1
-0.14336958046863005,0.02614342060473787,-0.43537712670200696,0.2962463542670403,-0.18557381934497874,2,2,1,0,0,0
-0.07987492017924747,0.09625326447308429,-0.3710071187049067,-0.24049306047915334,-0.2200391353590379,0,1,2,2,1,2
-0.0035594840300359754,0.19226106805307644,-0.3704130183620682,-0.15205257902001293,-0.11895382057743592,0,1,1,2,0,2
0.2499973208079457,0.48454907533786196,-0.11980673075362906,0.20173982390219403,0.4804503490023848,2,1,0,1,2,1
0.277006606619021,0.4331889653572125,-0.31439108497528645,0.050569646599021884,0.3847201999942985,2,0,0,1,2,2
0.1459571989312799,0.22148704889122092,-0.22414149219635832,0.26893078199802745,0.29135260429119114,2,1,0,1,2,1
-0.21723057091877204,0.2711189773122521,-0.13760052173110593,0.14330764804885174,-0.382337128828619,1,2,2,1,0,0
-0.014195967681414672,0.18181743141869694,-0.3272060964535318,-0.3124280810364007,-0.11825124512754273,0,1,1,2,1,2
0.21853306820477128,0.4428546252179433,-0.10188849931320312,0.1743437653207184,0.3451793988043942,2,0,1,1,2,2
-0.1402870376967166,0.11167616669745536,-0.23558668895114818,0.3574397840483502,-0.36283748794782456,1,2,2,0,0,0
-0.019874498126530006,0.31281553808158324,-0.04511060297352154,0.4574834775257241,-0.3632129279109209,1,1,2,1,0,0
0.2003325348190665,0.30402125763224686,0.010060338337519376,0.07704615523214355,0.28476330192632254,2,0,1,1,1,1
-0.10598975585480272,0.2645892350430964,-0.3673775073577027,-0.13139655471584424,-0.17814355998949075,0,1,2,2,2,2
-0.08486640533141307,0.2309224257204151,-0.38041935840173247,-0.1532001814946772,-0.32389718771635523,0,0,1,1,1,2
0.2781998660950877,0.24526071908376137,-0.2833299646176598,0.1442781364829083,0.4565686540098571,2,1,0,1,2,1
-0.08342130631694186,0.1946739475995968,-0.42475998465413767,-0.17197439253343713,-0.348336588936906,0,1,1,2,1,2
-0.10459267077878617,0.11915294584576952,-0.10317224014214563,0.1885087098945697,-0.43574005179098274,1,2,2,1,0,0
0.004355044117483511,0.08351812661264056,-0.2006592216963418,0.33009555959068315,-0.45630553710039046,1,2,2,0,0,0
-0.123094109034172,0.29675491525150544,-0.1353067735889668,0.2979760092691125,-0.3125933346223269,1,2,2,1,0,0
-0.03591821166231086,0.09590153906572056,-0.6153374903597155,-0.1172177523595675,-0.34219783930536696,0,1,2,1,1,2
0.13872390461974304,0.4214459433579738,-0.26700658488401074,0.2526099515675916,0.3323962841224992,2,1,1,0,2,1
0.408462149369217,0.3942342638954736,-0.20182028831221097,-0.05351219025736212,0.35325062092811144,2,1,0,1,2,1
-0.14619808087408906,-0.07154850612942973,-0.2551818310612332,0.3161834343333035,-0.34257729997519815,1,2,2,0,0,0
0.29791928702289083,0.22669749087378,-0.273699839790581,0.3322205329517581,0.06997584278884694,2,0,0,1,1,1
-0.11297214602305208,0.23894822246776135,-0.3254771689451188,0.3955336842367543,-0.5162087472204109,1,2,2,0,0,0
-0.04591955980457933,0.14755776426755007,-0.24058411909981126,0.33629916111700237,-0.5939834521649522,2,1,1,1,0,-1
-0.05905199765360007,0.2769589765171531,-0.5549688457162518,-0.21912753012285574,-0.2960825859880309,0,1,1,2,1,2
-0.001484706337896713,0.04081530449062981,-0.5401956175769679,-0.04481078184150822,-0.12547878533332432,0,1,1,1,1,-1
0.11188657152485515,0.009192965124704355,-0.45596927122565933,0.39503022979664404,-0.3474855693293981,1,2,2,2,0,2
-0.059163693913692715,0.10198257525696103,-0.17271258505092008,0.13278427517243557,-0.4199977927998906,2,1,2,1,0,0
0.42711649577792665,0.4730419486615418,0.08113201544286214,-0.005700506936812566,0.1900056822355144,1,0,0,1,2,2
0.26982814880805706,0.3032716527584897,-0.09895886226579478,0.09065406469514962,0.21856851528831406,2,1,1,1,2,1
-0.07512326130406183,0.1520272972270383,-0.11881855337670508,0.21985448160019458,-0.45548450762355613,1,2,2,1,0,0
-0.07880096353936526,0.17453377301102302,-0.21354452869881435,0.35558158899445597,-0.3386985837343001,2,2,2,1,0,0
-0.2182954184779486,0.2256226870072771,-0.13823071786849683,0.2798176400864136,-0.34977804516821664,1,1,2,1,0,0
-0.09804734012005749,0.1860079763380095,-0.2593237605368791,0.38230819676912026,-0.36239815352679616,2,2,2,0,0,0
-0.21445822053423672,0.19122598131202712,-0.444898176297217,0.41785270955731835,-0.5184878090215282,1,2,2,1,0,0
-0.08436921777700358,0.11558818024307152,-0.522280503496445,-0.10282956769679977,-0.202866718851004,0,1,1,2,1,2
0.29634846644199747,0.5302587262503741,0.05985873175291162,0.1866538053075143,0.2375992056301346,2,0,0,0,2,2
0.038697519763496835,0.27432505288723497,-0.2524491752195638,0.2415663500984362,0.37188457701016675,2,1,0,1,2,1
0.09541777231654149,0.2262543312223877,-0.2433941358677628,-0.1469430476518785,-0.40412184514084204,1,1,1,1,1,-1
-0.19105059965977056,0.32220704129994465,-0.34761944332551165,-0.18362281694510432,-0.26721040963145004,0,1,1,2,1,2
-0.26637743952588133,0.2918542988275912,-0.35270988704190354,0.20374063305225953,-0.2738664176482619,1,2,2,0,0,0
-0.25059500807816765,0.018713096437323856,-0.22664615634412116,0.19707849789480247,-0.30146552052199155,1,1,2,0,0,0
-0.09728886492099453,-0.06750353338831663,-0.2953922297438073,0.06081464740300446,-0.23801096108608055,0,1,1,2,1,2
0.002660922441796429,0.23757292326108487,-0.20189094999643264,0.1438777295383838,-0.2164702929253258,2,1,1,0,0,0
-0.15195870644354487,0.09484756214397652,-0.25210699293638217,0.1658691260426385,-0.0930968382504021,2,2,2,0,1,0
-0.11227147065325725,0.2404156096254295,-0.3621076608085622,0.027417631212516586,-0.26792226819030696,0,1,1,2,1,2
0.30904998493307806,0.3017152966656185,-0.14579926415593847,0.1872510606355608,0.09969941549162323,2,1,1,2,1,1
-0.2813815030895843,0.1896103435594245,-0.3309390644718218,-0.09702531228165169,-0.41824538283339435,0,1,1,2,1,2
-0.08863467631471056,0.06884225498372717,-0.4924428461457124,-0.26465355158385684,-0.2610240393269348,1,1,1,2,1,-1
-0.030264593254315915,0.16013857746826266,-0.20054620434840562,0.3545505508583779,-0.4256683326309045,1,1,2,2,0,2
-0.08364485149636149,0.06932863155018107,-0.29332365385984277,0.13703949965600687,-0.1640355393330655,1,2,2,0,1,0
-0.04201024346100907,0.19616326090979766,-0.3331726611698794,0.021332503603135405,-0.2941938626217895,0,1,1,1,1,-1
-0.050220688394937374,0.16396524545952235,-0.3607144606953162,-0.08605424371898703,-0.15302851515785118,0,0,1,2,1,2
-0.14072540341424555,0.051987576284704295,-0.2659787992148644,0.3305636736736564,-0.16661585222446929,2,1,1,1,0,-1
0.02723277683099981,0.0835773418839953,-0.00537074473166213,0.20713960485656355,-0.30086807615558975,1,2,1,1,0,0
0.08684214049654718,0.012413612144434372,-0.05614229103452992,0.2784734342538024,-0.4545945465571536,1,1,1,1,0,0
-0.19533906872276943,0.2951803892470547,-0.22857586233991273,0.1233209896794959,-0.3609696365714065,2,1,2,1,0,0
0.010574773521322009,0.006694874060781508,-0.3328418573694037,0.42213540437587743,-0.21447550188213116,1,1,2,0,0,0
0.3236789282719123,0.1570977031253201,-0.16472764376760404,0.22023535914842773,0.3791989853181589,2,0,0,1,2,2
0.27226789680042074,0.4282103644051655,-0.089229531967764,0.09514740589271076,0.35993338512562045,2,1,0,1,2,1
-0.03660179923423409,0.15941913971426117,-0.39192289141048975,0.21706265241599304,-0.2622900382228668,1,2,2,1,0,0
-0.11609854393229635,0.14488174519211217,-0.3994638382135491,-0.2975453597539645,-0.36827904152054297,0,1,1,2,1,2
